position,count,mean_attendance,min_attendance,max_attendance,low_attendance_count
ACCOUNTANT,36,0.7763888888888889,0.0,0.95,11
ADMINISTRATOR,48,0.8229166666666666,0.0,0.95,16
CLERK,36,0.8097222222222222,0.0,0.95,9
DRIVER,48,0.8333333333333334,0.0,0.95,14
ENGINEER,48,0.7895833333333333,0.0,0.95,14
LABORER,48,0.8302083333333333,0.0,0.95,9
SUPERVISOR,48,0.7895833333333333,0.0,0.95,14
TECHNICIAN,48,0.828125,0.0,0.95,15
